id,game_day,kickoff_time,stadium_name,spectators_num,weather,temperature,humidity,home_team_name,home_team_id,away_team_name,away_team_id,home_score,home_score_1st,home_score_2nd,away_score,away_score_1st,away_score_2nd,home_sh,home_ck,home_fk,away_sh,away_ck,away_fk
16804,2015/03/07,14:04,豊田スタジアム,33558,曇,13.4,50.0,名古屋グランパス,nagoya,松本山雅ＦＣ,matsumoto,3,1,2,3,1,2,16,9,25,5,5,6
16856,2015/04/18,19:04,パロマ瑞穂スタジアム,9986,晴,15.3,35.0,名古屋グランパス,nagoya,清水エスパルス,shimizu,3,2,1,1,0,1,11,5,22,4,7,13
16855,2015/04/18,18:34,Ｓｈｏｎａｎ　ＢＭＷスタジアム平塚,14538,晴,16.2,54.0,湘南ベルマーレ,shonan,ガンバ大阪,gosaka,0,0,0,2,1,1,7,8,15,10,8,13
16854,2015/04/18,17:04,埼玉スタジアム２００２,33793,晴,17.9,45.0,浦和レッズ,urawa,横浜Ｆ・マリノス,yokohamafm,2,2,0,1,1,0,12,2,17,7,4,18
16853,2015/04/18,16:03,味の素スタジアム,24369,晴,17.6,46.0,ＦＣ東京,ftokyo,サンフレッチェ広島,hiroshima,1,1,0,2,1,1,7,3,19,12,1,13
16850,2015/04/18,14:04,ＮＤソフトスタジアム山形,7067,晴のち曇一時雨,16.8,20.0,モンテディオ山形,yamagata,松本山雅ＦＣ,matsumoto,0,0,0,0,0,0,10,5,10,12,6,13
16851,2015/04/18,14:04,山梨中銀スタジアム,8033,晴,18.6,31.0,ヴァンフォーレ甲府,kofu,サガン鳥栖,tosu,0,0,0,3,2,1,5,4,20,9,3,14
16849,2015/04/18,14:04,ユアテックスタジアム仙台,13644,晴,18.2,27.0,ベガルタ仙台,sendai,川崎フロンターレ,kawasakif,2,1,1,3,0,3,20,5,12,22,7,6
16852,2015/04/18,14:03,デンカビッグスワンスタジアム,16068,晴,16.6,36.0,アルビレックス新潟,niigata,ヴィッセル神戸,kobe,2,2,0,2,1,1,7,5,20,6,5,10
16848,2015/04/16,19:04,日立柏サッカー場,10076,曇,17.3,59.0,柏レイソル,kashiwa,鹿島アントラーズ,kashima,1,0,1,3,1,2,13,7,17,14,8,15
16847,2015/04/12,19:04,県立カシマサッカースタジアム,10261,曇,11.4,79.0,鹿島アントラーズ,kashima,アルビレックス新潟,niigata,1,0,1,1,1,0,7,7,11,9,6,14
16846,2015/04/12,17:03,等々力陸上競技場,24992,曇,14.9,51.0,川崎フロンターレ,kawasakif,浦和レッズ,urawa,1,1,0,1,0,1,7,3,20,10,8,10
16845,2015/04/12,16:04,ベストアメニティスタジアム,8852,曇時々雨,18.8,50.0,サガン鳥栖,tosu,モンテディオ山形,yamagata,1,0,1,0,0,0,5,3,20,12,6,14
16843,2015/04/12,16:04,Ｓｈｏｎａｎ　ＢＭＷスタジアム平塚,14581,曇,16.1,44.0,湘南ベルマーレ,shonan,ＦＣ東京,ftokyo,0,0,0,1,0,1,6,1,18,10,4,20
16844,2015/04/12,16:04,ノエビアスタジアム神戸,15494,晴のち曇,16.6,50.0,ヴィッセル神戸,kobe,ヴァンフォーレ甲府,kofu,4,2,2,1,0,1,20,4,15,8,4,18
16842,2015/04/12,15:04,ＩＡＩスタジアム日本平,16027,曇,16.4,36.0,清水エスパルス,shimizu,ガンバ大阪,gosaka,2,0,2,3,1,2,9,5,15,12,9,18
17105,2015/11/22,13:36,エディオンスタジアム広島,33210,晴のち曇,18.9,58.0,サンフレッチェ広島,hiroshima,湘南ベルマーレ,shonan,5,3,2,0,0,0,15,4,9,15,3,7
17103,2015/11/22,13:35,日産スタジアム,44226,曇,15.7,57.0,横浜Ｆ・マリノス,yokohamafm,松本山雅ＦＣ,matsumoto,0,0,0,0,0,0,16,8,13,5,2,9
17104,2015/11/22,13:34,山梨中銀スタジアム,14036,曇,15.3,48.0,ヴァンフォーレ甲府,kofu,清水エスパルス,shimizu,2,0,2,2,0,2,6,1,17,12,7,13
17101,2015/11/22,13:34,味の素スタジアム,30753,曇,14.5,60.0,ＦＣ東京,ftokyo,サガン鳥栖,tosu,0,0,0,0,0,0,11,10,20,5,3,14
17107,2015/11/22,13:34,埼玉スタジアム２００２,52133,曇のち晴,15.9,54.0,浦和レッズ,urawa,ヴィッセル神戸,kobe,5,3,2,2,1,1,11,1,18,6,2,14
17108,2015/11/22,13:33,日立柏サッカー場,13127,曇,15.8,66.0,柏レイソル,kashiwa,アルビレックス新潟,niigata,1,1,0,1,0,1,6,8,23,10,5,17
17109,2015/11/22,13:33,万博記念競技場,18219,曇,18.7,46.0,ガンバ大阪,gosaka,モンテディオ山形,yamagata,4,0,4,0,0,0,14,4,13,9,4,11
17106,2015/11/22,13:33,県立カシマサッカースタジアム,25151,曇,15.8,58.0,鹿島アントラーズ,kashima,名古屋グランパス,nagoya,1,0,1,0,0,0,19,6,14,16,5,23
17102,2015/11/22,13:33,等々力陸上競技場,22511,曇,15.7,53.0,川崎フロンターレ,kawasakif,ベガルタ仙台,sendai,1,0,1,0,0,0,11,8,14,5,1,17
17094,2015/11/07,14:04,豊田スタジアム,16970,曇,20.3,46.0,名古屋グランパス,nagoya,ヴァンフォーレ甲府,kofu,4,2,2,2,1,1,12,4,8,15,7,10
17096,2015/11/07,14:03,ベストアメニティスタジアム,13860,曇,24.4,49.0,サガン鳥栖,tosu,ベガルタ仙台,sendai,1,1,0,0,0,0,9,4,6,11,5,22
17099,2015/11/07,14:03,日立柏サッカー場,12497,曇,18.8,68.0,柏レイソル,kashiwa,ＦＣ東京,ftokyo,0,0,0,1,1,0,12,5,18,10,4,15
17095,2015/11/07,14:03,ノエビアスタジアム神戸,18092,曇,21.6,56.0,ヴィッセル神戸,kobe,松本山雅ＦＣ,matsumoto,2,0,2,1,1,0,19,6,7,19,6,11
17097,2015/11/07,14:03,県立カシマサッカースタジアム,22755,曇,18.9,67.0,鹿島アントラーズ,kashima,横浜Ｆ・マリノス,yokohamafm,2,1,1,0,0,0,15,6,12,9,1,16
17100,2015/11/07,14:03,万博記念競技場,17435,曇,21.5,61.0,ガンバ大阪,gosaka,サンフレッチェ広島,hiroshima,0,0,0,2,0,2,13,3,10,14,1,14
17098,2015/11/07,14:03,埼玉スタジアム２００２,46597,曇時々晴,19.1,55.0,浦和レッズ,urawa,川崎フロンターレ,kawasakif,1,1,0,1,1,0,12,4,17,8,3,16
17093,2015/11/07,14:02,デンカビッグスワンスタジアム,25272,曇,16.2,62.0,アルビレックス新潟,niigata,湘南ベルマーレ,shonan,0,0,0,2,1,1,9,3,8,9,2,14
17092,2015/11/07,14:02,ＮＤソフトスタジアム山形,8281,晴のち曇,13.9,72.0,モンテディオ山形,yamagata,清水エスパルス,shimizu,1,0,1,2,1,1,8,7,20,13,2,18
17088,2015/10/25,14:03,ユアテックスタジアム仙台,19263,晴,11.0,56.0,ベガルタ仙台,sendai,ガンバ大阪,gosaka,1,1,0,3,2,1,9,6,12,16,7,14
17087,2015/10/24,14:04,ノエビアスタジアム神戸,11508,晴,22.6,50.0,ヴィッセル神戸,kobe,モンテディオ山形,yamagata,3,1,2,1,0,1,18,5,13,12,5,13
17091,2015/10/24,14:04,ＩＡＩスタジアム日本平,12238,晴,23.8,44.0,清水エスパルス,shimizu,柏レイソル,kashiwa,0,0,0,3,1,2,9,7,15,8,2,11
17084,2015/10/24,14:04,山梨中銀スタジアム,11062,晴,24.8,41.0,ヴァンフォーレ甲府,kofu,サンフレッチェ広島,hiroshima,0,0,0,2,2,0,6,6,13,7,1,15
17086,2015/10/24,14:04,パロマ瑞穂スタジアム,12045,晴,23.3,49.0,名古屋グランパス,nagoya,アルビレックス新潟,niigata,4,0,4,2,1,1,15,4,17,15,5,11
17083,2015/10/24,14:03,等々力陸上競技場,23701,晴,24.0,43.0,川崎フロンターレ,kawasakif,横浜Ｆ・マリノス,yokohamafm,0,0,0,1,1,0,14,5,13,8,2,12
17090,2015/10/24,14:03,Ｓｈｏｎａｎ　ＢＭＷスタジアム平塚,14227,晴,23.6,55.0,湘南ベルマーレ,shonan,鹿島アントラーズ,kashima,2,2,0,1,0,1,11,2,17,21,9,18
17085,2015/10/24,14:03,松本平広域公園総合球技場,17462,晴,21.8,34.0,松本山雅ＦＣ,matsumoto,サガン鳥栖,tosu,1,0,1,2,0,2,10,2,12,10,5,15
17089,2015/10/24,14:02,味の素スタジアム,38952,晴,23.0,55.0,ＦＣ東京,ftokyo,浦和レッズ,urawa,3,1,2,4,3,1,13,5,20,8,1,18
17074,2015/10/17,19:05,ＮＤソフトスタジアム山形,8191,晴,12.8,81.0,モンテディオ山形,yamagata,ヴァンフォーレ甲府,kofu,0,0,0,1,0,1,7,6,14,9,5,17
17080,2015/10/17,18:34,ベストアメニティスタジアム,13707,晴,21.1,54.0,サガン鳥栖,tosu,名古屋グランパス,nagoya,0,0,0,0,0,0,9,7,17,3,4,17
17077,2015/10/17,18:33,デンカビッグスワンスタジアム,31324,晴,20.4,64.0,アルビレックス新潟,niigata,松本山雅ＦＣ,matsumoto,2,0,2,0,0,0,8,5,14,9,4,19
17079,2015/10/17,14:05,エディオンスタジアム広島,19751,晴,26.9,41.0,サンフレッチェ広島,hiroshima,川崎フロンターレ,kawasakif,2,0,2,1,0,1,11,1,10,14,7,12
17076,2015/10/17,14:05,日産スタジアム,22598,曇,20.8,74.0,横浜Ｆ・マリノス,yokohamafm,ヴィッセル神戸,kobe,2,0,2,1,1,0,19,4,15,5,4,6
17081,2015/10/17,14:04,県立カシマサッカースタジアム,13633,曇,19.9,81.0,鹿島アントラーズ,kashima,柏レイソル,kashiwa,3,1,2,2,2,0,15,10,15,9,5,20
17075,2015/10/17,14:04,味の素スタジアム,22577,曇時々晴,19.9,78.0,ＦＣ東京,ftokyo,湘南ベルマーレ,shonan,1,0,1,2,1,1,8,11,23,7,4,14
17078,2015/10/17,14:04,ＩＡＩスタジアム日本平,13399,晴,24.6,56.0,清水エスパルス,shimizu,ベガルタ仙台,sendai,0,0,0,1,1,0,8,10,21,8,6,19
17082,2015/10/17,14:03,万博記念競技場,18638,晴時々曇,24.1,50.0,ガンバ大阪,gosaka,浦和レッズ,urawa,2,1,1,1,0,1,7,1,11,21,6,7
17071,2015/10/04,14:04,等々力陸上競技場,24300,晴,26.1,37.0,川崎フロンターレ,kawasakif,ガンバ大阪,gosaka,5,2,3,3,1,2,23,3,16,9,1,13
17068,2015/10/03,19:04,エディオンスタジアム広島,18810,晴,17.4,90.0,サンフレッチェ広島,hiroshima,ＦＣ東京,ftokyo,0,0,0,1,0,1,16,10,9,13,5,9
17070,2015/10/03,19:03,日立柏サッカー場,10103,晴,21.9,72.0,柏レイソル,kashiwa,名古屋グランパス,nagoya,3,2,1,1,1,0,14,4,13,11,4,19
17066,2015/10/03,18:34,山梨中銀スタジアム,11102,晴,21.4,61.0,ヴァンフォーレ甲府,kofu,アルビレックス新潟,niigata,0,0,0,0,0,0,8,3,15,7,4,12
17069,2015/10/03,16:04,埼玉スタジアム２００２,35015,晴,25.3,55.0,浦和レッズ,urawa,サガン鳥栖,tosu,1,1,0,1,1,0,15,7,15,4,3,15
17065,2015/10/03,16:04,Ｓｈｏｎａｎ　ＢＭＷスタジアム平塚,10254,晴,23.8,60.0,湘南ベルマーレ,shonan,モンテディオ山形,yamagata,0,0,0,1,0,1,10,3,14,10,3,12
17067,2015/10/03,15:04,松本平広域公園総合球技場,17371,晴,21.4,52.0,松本山雅ＦＣ,matsumoto,清水エスパルス,shimizu,1,1,0,0,0,0,9,7,13,7,2,18
17072,2015/10/03,15:03,ノエビアスタジアム神戸,16871,晴,24.4,34.0,ヴィッセル神戸,kobe,鹿島アントラーズ,kashima,0,0,0,2,1,1,5,2,12,19,11,13
17064,2015/10/03,14:04,ユアテックスタジアム仙台,15685,晴,26.0,42.0,ベガルタ仙台,sendai,横浜Ｆ・マリノス,yokohamafm,1,0,1,3,1,2,13,3,8,19,6,15
17060,2015/09/26,19:34,パロマ瑞穂スタジアム,11570,曇,23.8,80.0,名古屋グランパス,nagoya,ヴィッセル神戸,kobe,2,1,1,0,0,0,12,6,21,11,4,14
17058,2015/09/26,19:04,デンカビッグスワンスタジアム,22573,曇,22.2,79.0,アルビレックス新潟,niigata,川崎フロンターレ,kawasakif,1,1,0,2,0,2,10,5,13,6,7,19
17056,2015/09/26,18:34,味の素スタジアム,36671,曇,23.2,75.0,ＦＣ東京,ftokyo,松本山雅ＦＣ,matsumoto,1,1,0,0,0,0,9,6,21,9,7,10
17063,2015/09/26,16:03,万博記念競技場,16438,曇,25.4,60.0,ガンバ大阪,gosaka,柏レイソル,kashiwa,3,2,1,1,0,1,11,2,10,10,2,8
17059,2015/09/26,15:04,ＩＡＩスタジアム日本平,13053,晴のち曇,23.2,77.0,清水エスパルス,shimizu,サンフレッチェ広島,hiroshima,1,0,1,5,2,3,10,8,18,11,3,16
17062,2015/09/26,15:04,県立カシマサッカースタジアム,29030,曇,22.8,81.0,鹿島アントラーズ,kashima,浦和レッズ,urawa,1,1,0,2,1,1,27,9,19,10,3,17
17061,2015/09/26,15:04,ベストアメニティスタジアム,9672,晴,27.1,54.0,サガン鳥栖,tosu,ヴァンフォーレ甲府,kofu,0,0,0,1,0,1,12,8,10,6,2,15
17057,2015/09/26,15:03,Ｓｈｏｎａｎ　ＢＭＷスタジアム平塚,14046,曇,23.5,78.0,湘南ベルマーレ,shonan,横浜Ｆ・マリノス,yokohamafm,1,0,1,1,0,1,8,2,11,10,5,23
17055,2015/09/26,14:04,ＮＤソフトスタジアム山形,13737,曇,22.5,70.0,モンテディオ山形,yamagata,ベガルタ仙台,sendai,1,0,1,1,0,1,9,4,19,13,4,19
17036,2015/09/23,14:03,松本平広域公園総合球技場,15412,晴,24.6,47.0,松本山雅ＦＣ,matsumoto,モンテディオ山形,yamagata,2,1,1,2,1,1,14,6,17,7,6,15
17051,2015/09/20,19:03,日立柏サッカー場,10520,晴,21.9,77.0,柏レイソル,kashiwa,モンテディオ山形,yamagata,0,0,0,0,0,0,12,6,19,10,5,13
17053,2015/09/20,14:03,松本平広域公園総合球技場,18052,晴,21.1,54.0,松本山雅ＦＣ,matsumoto,ガンバ大阪,gosaka,1,1,0,1,0,1,6,5,11,18,12,12
17048,2015/09/19,19:04,日産スタジアム,30999,晴,25.3,70.0,横浜Ｆ・マリノス,yokohamafm,ＦＣ東京,ftokyo,1,0,1,0,0,0,13,6,13,3,2,11
17050,2015/09/19,19:04,エディオンスタジアム広島,18625,晴,20.3,74.0,サンフレッチェ広島,hiroshima,サガン鳥栖,tosu,0,0,0,0,0,0,12,7,14,4,6,10
17047,2015/09/19,19:04,等々力陸上競技場,20238,晴,25.6,63.0,川崎フロンターレ,kawasakif,名古屋グランパス,nagoya,6,3,3,1,0,1,14,8,10,7,3,14
17049,2015/09/19,19:04,神戸総合運動公園ユニバー記念競技場,14471,晴,20.1,57.0,ヴィッセル神戸,kobe,アルビレックス新潟,niigata,1,0,1,2,0,2,15,4,15,12,1,20
17054,2015/09/19,19:04,エコパスタジアム,19232,晴,21.8,87.0,清水エスパルス,shimizu,浦和レッズ,urawa,1,1,0,4,1,3,15,5,17,16,7,10
17046,2015/09/19,18:34,ユアテックスタジアム仙台,12635,晴,22.0,63.0,ベガルタ仙台,sendai,湘南ベルマーレ,shonan,1,1,0,1,0,1,6,7,19,10,6,12
17052,2015/09/19,17:04,山梨中銀スタジアム,12131,晴のち曇,26.5,41.0,ヴァンフォーレ甲府,kofu,鹿島アントラーズ,kashima,0,0,0,1,0,1,5,5,18,19,6,11
17039,2015/09/12,19:06,Ｓｈｏｎａｎ　ＢＭＷスタジアム平塚,12230,晴,24.8,71.0,湘南ベルマーレ,shonan,松本山雅ＦＣ,matsumoto,1,0,1,1,1,0,12,3,18,8,4,10
17037,2015/09/12,19:05,ＮＤソフトスタジアム山形,8137,晴,21.1,81.0,モンテディオ山形,yamagata,サンフレッチェ広島,hiroshima,1,1,0,3,1,2,13,5,8,15,3,9
17038,2015/09/12,19:04,味の素スタジアム,22328,晴,25.1,73.0,ＦＣ東京,ftokyo,ヴィッセル神戸,kobe,3,1,2,0,0,0,7,2,23,9,7,18
17041,2015/09/12,19:04,デンカビッグスワンスタジアム,25336,晴,25.2,58.0,アルビレックス新潟,niigata,横浜Ｆ・マリノス,yokohamafm,1,1,0,1,0,1,5,2,15,7,5,24
17043,2015/09/12,19:04,ベストアメニティスタジアム,10501,雨のち曇,21.6,76.0,サガン鳥栖,tosu,清水エスパルス,shimizu,0,0,0,0,0,0,9,6,9,17,3,17
17044,2015/09/12,18:36,県立カシマサッカースタジアム,22380,晴,25.0,81.0,鹿島アントラーズ,kashima,ガンバ大阪,gosaka,1,0,1,2,2,0,17,5,18,6,3,12
17040,2015/09/12,18:35,山梨中銀スタジアム,11069,晴,24.4,62.0,ヴァンフォーレ甲府,kofu,川崎フロンターレ,kawasakif,1,1,0,3,1,2,8,6,13,8,5,11
17042,2015/09/12,18:35,豊田スタジアム,21008,晴,24.5,65.0,名古屋グランパス,nagoya,ベガルタ仙台,sendai,0,0,0,1,0,1,12,1,15,16,7,11
17045,2015/09/11,19:36,埼玉スタジアム２００２,23957,雨のち曇,24.7,78.0,浦和レッズ,urawa,柏レイソル,kashiwa,1,0,1,0,0,0,18,7,12,6,3,18
17035,2015/08/30,19:04,万博記念競技場,14985,曇,25.8,74.0,ガンバ大阪,gosaka,湘南ベルマーレ,shonan,1,1,0,0,0,0,15,6,13,13,7,11
17032,2015/08/30,19:03,日立柏サッカー場,8002,雨のち曇,21.5,94.0,柏レイソル,kashiwa,ヴァンフォーレ甲府,kofu,2,2,0,2,0,2,7,3,12,11,7,18
17028,2015/08/29,19:04,ユアテックスタジアム仙台,14573,曇,20.4,84.0,ベガルタ仙台,sendai,アルビレックス新潟,niigata,0,0,0,1,0,1,13,3,18,13,8,7
17031,2015/08/29,19:04,エディオンスタジアム広島,13916,雨,22.1,93.0,サンフレッチェ広島,hiroshima,名古屋グランパス,nagoya,5,2,3,2,0,2,18,5,6,20,5,13
17030,2015/08/29,19:04,神戸総合運動公園ユニバー記念競技場,14637,雨時々曇,24.9,82.0,ヴィッセル神戸,kobe,サガン鳥栖,tosu,7,2,5,1,1,0,24,8,6,9,10,8
17033,2015/08/29,19:03,等々力陸上競技場,22632,曇のち雨,21.4,80.0,川崎フロンターレ,kawasakif,鹿島アントラーズ,kashima,1,0,1,3,0,3,8,2,18,16,0,18
17034,2015/08/29,18:30,日産スタジアム,33467,曇,22.5,82.0,横浜Ｆ・マリノス,yokohamafm,浦和レッズ,urawa,4,2,2,0,0,0,14,5,10,11,3,16
17029,2015/08/29,18:04,ＩＡＩスタジアム日本平,14954,曇,25.3,75.0,清水エスパルス,shimizu,ＦＣ東京,ftokyo,1,0,1,1,0,1,11,8,15,7,6,19
17019,2015/08/22,19:04,Ｓｈｏｎａｎ　ＢＭＷスタジアム平塚,14136,曇,27.8,88.0,湘南ベルマーレ,shonan,川崎フロンターレ,kawasakif,2,1,1,1,1,0,11,2,14,12,3,21
17023,2015/08/22,19:04,ベストアメニティスタジアム,18321,晴,27.4,60.0,サガン鳥栖,tosu,横浜Ｆ・マリノス,yokohamafm,1,1,0,2,0,2,12,7,13,12,4,9
17022,2015/08/22,19:04,豊田スタジアム,19011,晴,28.8,62.0,名古屋グランパス,nagoya,ＦＣ東京,ftokyo,0,0,0,0,0,0,7,8,15,11,3,16
17021,2015/08/22,19:03,デンカビッグスワンスタジアム,19615,曇,25.7,83.0,アルビレックス新潟,niigata,サンフレッチェ広島,hiroshima,0,0,0,2,0,2,15,13,8,9,3,18
17027,2015/08/22,19:00,万博記念競技場,15333,晴,27.4,67.0,ガンバ大阪,gosaka,清水エスパルス,shimizu,1,1,0,0,0,0,9,4,12,13,5,12
17025,2015/08/22,18:34,埼玉スタジアム２００２,33932,晴,30.1,69.0,浦和レッズ,urawa,ベガルタ仙台,sendai,3,2,1,1,1,0,13,3,19,7,4,16
17024,2015/08/22,18:34,県立カシマサッカースタジアム,16700,晴,28.1,79.0,鹿島アントラーズ,kashima,モンテディオ山形,yamagata,3,1,2,0,0,0,7,2,14,11,7,19
17020,2015/08/22,18:04,山梨中銀スタジアム,9113,晴,29.8,65.0,ヴァンフォーレ甲府,kofu,ヴィッセル神戸,kobe,1,0,1,0,0,0,9,1,13,6,7,11
17026,2015/08/20,19:03,日立柏サッカー場,7385,曇のち雨,25.6,91.0,柏レイソル,kashiwa,松本山雅ＦＣ,matsumoto,2,1,1,0,0,0,12,4,6,7,5,12
17018,2015/08/16,19:04,エディオンスタジアム広島,14471,晴,26.8,83.0,サンフレッチェ広島,hiroshima,柏レイソル,kashiwa,0,0,0,3,1,2,17,10,14,8,2,13
17011,2015/08/16,19:04,県立カシマサッカースタジアム,16554,晴,26.1,94.0,鹿島アントラーズ,kashima,ベガルタ仙台,sendai,3,1,2,2,2,0,25,8,16,5,2,22
17016,2015/08/16,18:04,ＩＡＩスタジアム日本平,14724,晴,27.2,84.0,清水エスパルス,shimizu,アルビレックス新潟,niigata,1,1,0,1,1,0,12,7,16,7,7,10
17010,2015/08/16,18:04,ＮＤソフトスタジアム山形,10096,曇,26.7,70.0,モンテディオ山形,yamagata,サガン鳥栖,tosu,1,0,1,3,1,2,11,7,9,9,4,18
17012,2015/08/16,18:04,埼玉スタジアム２００２,36185,曇,26.4,86.0,浦和レッズ,urawa,湘南ベルマーレ,shonan,1,0,1,0,0,0,11,3,12,11,8,9
17013,2015/08/16,18:04,味の素スタジアム,37978,雨のち曇,26.4,87.0,ＦＣ東京,ftokyo,ガンバ大阪,gosaka,2,1,1,1,0,1,10,6,18,17,5,19
17017,2015/08/16,18:04,ノエビアスタジアム神戸,15451,屋内,29.2,58.0,ヴィッセル神戸,kobe,川崎フロンターレ,kawasakif,2,1,1,0,0,0,8,4,14,13,5,19
17015,2015/08/16,18:04,松本平広域公園総合球技場,17442,晴,27.4,57.0,松本山雅ＦＣ,matsumoto,名古屋グランパス,nagoya,0,0,0,1,1,0,14,4,8,9,5,16
17014,2015/08/16,18:03,日産スタジアム,19207,晴のち雨,28.0,85.0,横浜Ｆ・マリノス,yokohamafm,ヴァンフォーレ甲府,kofu,2,1,1,0,0,0,20,5,9,6,4,11
17009,2015/08/12,19:04,エディオンスタジアム広島,16689,雨のち曇,22.2,91.0,サンフレッチェ広島,hiroshima,鹿島アントラーズ,kashima,0,0,0,1,1,0,9,2,13,5,4,19
17003,2015/08/12,19:04,日立柏サッカー場,12383,曇,25.1,83.0,柏レイソル,kashiwa,ヴィッセル神戸,kobe,2,1,1,0,0,0,8,1,17,11,6,9
17002,2015/08/12,19:04,ユアテックスタジアム仙台,15757,晴,25.0,85.0,ベガルタ仙台,sendai,松本山雅ＦＣ,matsumoto,3,0,3,1,1,0,8,2,12,9,5,15
17008,2015/08/12,19:04,パロマ瑞穂スタジアム,17093,晴,30.9,40.0,名古屋グランパス,nagoya,横浜Ｆ・マリノス,yokohamafm,0,0,0,3,2,1,10,8,15,16,8,13
17007,2015/08/12,19:04,ＩＡＩスタジアム日本平,15946,晴,28.3,80.0,清水エスパルス,shimizu,湘南ベルマーレ,shonan,1,0,1,2,1,1,10,4,12,6,5,18
17005,2015/08/12,19:04,山梨中銀スタジアム,12164,晴,28.9,53.0,ヴァンフォーレ甲府,kofu,ＦＣ東京,ftokyo,0,0,0,1,0,1,3,4,11,12,5,14
17004,2015/08/12,19:03,等々力陸上競技場,19154,曇,28.8,65.0,川崎フロンターレ,kawasakif,モンテディオ山形,yamagata,0,0,0,0,0,0,8,4,17,8,7,10
17006,2015/08/12,19:03,デンカビッグスワンスタジアム,27447,晴,27.6,71.0,アルビレックス新潟,niigata,浦和レッズ,urawa,1,1,0,2,1,1,10,8,11,13,5,21
16995,2015/07/29,19:33,日産スタジアム,14848,曇,27.9,79.0,横浜Ｆ・マリノス,yokohamafm,清水エスパルス,shimizu,1,1,0,2,0,2,15,6,10,6,1,6
16999,2015/07/29,19:05,ノエビアスタジアム神戸,9538,晴,29.7,60.0,ヴィッセル神戸,kobe,サンフレッチェ広島,hiroshima,0,0,0,4,3,1,10,0,16,11,2,18
16992,2015/07/29,19:04,ＮＤソフトスタジアム山形,6100,晴,27.2,76.0,モンテディオ山形,yamagata,名古屋グランパス,nagoya,0,0,0,3,1,2,18,7,10,12,4,18
16993,2015/07/29,19:04,埼玉スタジアム２００２,22363,曇,27.6,83.0,浦和レッズ,urawa,ヴァンフォーレ甲府,kofu,1,1,0,1,0,1,17,12,3,11,2,10
16996,2015/07/29,19:04,Ｓｈｏｎａｎ　ＢＭＷスタジアム平塚,10411,晴,26.6,87.0,湘南ベルマーレ,shonan,柏レイソル,kashiwa,3,1,2,0,0,0,12,8,15,8,4,18
17000,2015/07/29,19:04,ベストアメニティスタジアム,15794,晴,28.5,71.0,サガン鳥栖,tosu,鹿島アントラーズ,kashima,0,0,0,3,0,3,3,5,14,13,7,13
16997,2015/07/29,19:04,松本平広域公園総合球技場,15610,晴のち雨,26.8,76.0,松本山雅ＦＣ,matsumoto,川崎フロンターレ,kawasakif,1,0,1,3,3,0,13,11,15,13,2,14
16994,2015/07/29,19:03,味の素スタジアム,16635,晴,29.0,70.0,ＦＣ東京,ftokyo,ベガルタ仙台,sendai,3,3,0,1,0,1,7,2,14,9,2,15
16998,2015/07/29,19:00,デンカビッグスワンスタジアム,19650,晴,27.6,81.0,アルビレックス新潟,niigata,ガンバ大阪,gosaka,2,1,1,2,0,2,14,10,14,12,10,16
16984,2015/07/25,19:34,ＮＤソフトスタジアム山形,11206,曇,24.9,78.0,モンテディオ山形,yamagata,アルビレックス新潟,niigata,1,0,1,3,2,1,12,5,12,13,6,13
16990,2015/07/25,19:05,エディオンスタジアム広島,15174,晴,26.6,76.0,サンフレッチェ広島,hiroshima,横浜Ｆ・マリノス,yokohamafm,2,1,1,0,0,0,10,1,12,8,0,9
16983,2015/07/25,19:04,ユアテックスタジアム仙台,13070,晴,27.8,68.0,ベガルタ仙台,sendai,柏レイソル,kashiwa,0,0,0,1,0,1,12,11,18,8,5,17
16989,2015/07/25,19:04,ノエビアスタジアム神戸,20679,晴,27.2,75.0,ヴィッセル神戸,kobe,ガンバ大阪,gosaka,1,1,0,2,1,1,9,7,9,12,3,18
16991,2015/07/25,19:04,ベストアメニティスタジアム,11960,晴,29.8,60.0,サガン鳥栖,tosu,湘南ベルマーレ,shonan,1,1,0,1,1,0,12,4,20,7,0,19
16988,2015/07/25,19:04,パロマ瑞穂スタジアム,17624,晴,31.1,61.0,名古屋グランパス,nagoya,浦和レッズ,urawa,2,1,1,1,1,0,10,3,9,13,7,16
16986,2015/07/25,19:03,等々力陸上競技場,20040,晴,30.0,67.0,川崎フロンターレ,kawasakif,清水エスパルス,shimizu,3,1,2,2,2,0,19,9,19,12,3,20
16985,2015/07/25,18:34,県立カシマサッカースタジアム,17804,晴,27.8,80.0,鹿島アントラーズ,kashima,ＦＣ東京,ftokyo,2,1,1,1,0,1,15,6,13,8,4,19
16987,2015/07/25,18:05,山梨中銀スタジアム,14176,晴,29.5,68.0,ヴァンフォーレ甲府,kofu,松本山雅ＦＣ,matsumoto,0,0,0,1,1,0,7,9,10,8,3,11
17001,2015/07/22,19:03,万博記念競技場,11156,曇のち雨,24.9,95.0,ガンバ大阪,gosaka,サガン鳥栖,tosu,1,1,0,1,0,1,11,3,12,8,6,8
16975,2015/07/19,19:05,埼玉スタジアム２００２,41492,晴,29.1,80.0,浦和レッズ,urawa,サンフレッチェ広島,hiroshima,1,1,0,2,0,2,23,9,11,12,3,17
16976,2015/07/19,19:04,日立柏サッカー場,14055,曇,28.4,82.0,柏レイソル,kashiwa,川崎フロンターレ,kawasakif,1,1,0,0,0,0,12,3,12,18,9,19
16978,2015/07/19,19:04,Ｓｈｏｎａｎ　ＢＭＷスタジアム平塚,12144,晴,28.6,70.0,湘南ベルマーレ,shonan,ヴァンフォーレ甲府,kofu,0,0,0,2,0,2,8,3,9,6,3,13
16974,2015/07/19,19:04,ユアテックスタジアム仙台,12488,晴,27.2,61.0,ベガルタ仙台,sendai,ヴィッセル神戸,kobe,1,0,1,2,0,2,10,7,12,11,5,9
16982,2015/07/19,19:03,万博記念競技場,16787,晴,28.2,66.0,ガンバ大阪,gosaka,横浜Ｆ・マリノス,yokohamafm,2,1,1,2,0,2,11,2,18,7,2,24
16977,2015/07/19,19:03,味の素スタジアム,22175,曇,29.2,69.0,ＦＣ東京,ftokyo,モンテディオ山形,yamagata,0,0,0,0,0,0,13,4,19,9,2,14
16980,2015/07/19,19:03,デンカビッグスワンスタジアム,17259,晴,26.6,63.0,アルビレックス新潟,niigata,サガン鳥栖,tosu,1,1,0,0,0,0,8,9,16,2,2,16
16981,2015/07/19,18:34,ＩＡＩスタジアム日本平,14497,晴,28.0,77.0,清水エスパルス,shimizu,名古屋グランパス,nagoya,2,0,2,2,0,2,13,12,16,11,3,19
16979,2015/07/19,18:04,松本平広域公園総合球技場,17625,曇,26.7,67.0,松本山雅ＦＣ,matsumoto,鹿島アントラーズ,kashima,2,2,0,0,0,0,10,6,14,17,11,12
16965,2015/07/15,19:05,ＮＤソフトスタジアム山形,10849,曇時々雨,24.9,81.0,モンテディオ山形,yamagata,浦和レッズ,urawa,0,0,0,0,0,0,11,3,13,11,10,11
16972,2015/07/15,19:04,エディオンスタジアム広島,7966,晴,27.8,77.0,サンフレッチェ広島,hiroshima,松本山雅ＦＣ,matsumoto,6,3,3,0,0,0,9,1,8,9,5,5
16971,2015/07/15,19:04,ノエビアスタジアム神戸,7696,晴,30.6,46.0,ヴィッセル神戸,kobe,湘南ベルマーレ,shonan,1,1,0,1,1,0,8,2,13,9,3,14
16966,2015/07/15,19:04,県立カシマサッカースタジアム,6923,晴のち曇,26.9,79.0,鹿島アントラーズ,kashima,清水エスパルス,shimizu,0,0,0,0,0,0,20,10,17,6,2,10
16970,2015/07/15,19:04,パロマ瑞穂スタジアム,13422,曇,29.3,59.0,名古屋グランパス,nagoya,ガンバ大阪,gosaka,3,0,3,2,2,0,15,4,12,8,5,13
16968,2015/07/15,19:04,ニッパツ三ツ沢球技場,8038,晴,27.1,69.0,横浜Ｆ・マリノス,yokohamafm,柏レイソル,kashiwa,0,0,0,1,1,0,10,7,11,6,2,12
16967,2015/07/15,19:03,味の素スタジアム,12727,晴,26.9,68.0,ＦＣ東京,ftokyo,アルビレックス新潟,niigata,3,1,2,1,0,1,8,5,24,7,4,17
16969,2015/07/15,19:03,山梨中銀スタジアム,7015,晴,28.1,55.0,ヴァンフォーレ甲府,kofu,ベガルタ仙台,sendai,0,0,0,0,0,0,7,3,18,5,1,12
16973,2015/07/15,18:04,ベストアメニティスタジアム,7524,晴,29.8,53.0,サガン鳥栖,tosu,川崎フロンターレ,kawasakif,1,1,0,1,1,0,13,7,6,8,1,14
16964,2015/07/11,19:04,万博記念競技場,14364,晴,27.4,75.0,ガンバ大阪,gosaka,ヴァンフォーレ甲府,kofu,2,1,1,1,1,0,13,4,9,14,3,7
16961,2015/07/11,19:04,松本平広域公園総合球技場,18605,晴,23.5,64.0,松本山雅ＦＣ,matsumoto,浦和レッズ,urawa,1,0,1,2,1,1,10,10,13,9,8,12
16963,2015/07/11,19:04,ＩＡＩスタジアム日本平,14037,晴,25.3,80.0,清水エスパルス,shimizu,ヴィッセル神戸,kobe,0,0,0,5,3,2,3,7,9,14,4,15
16957,2015/07/11,19:03,日立柏サッカー場,11371,晴,25.3,73.0,柏レイソル,kashiwa,サガン鳥栖,tosu,2,0,2,3,3,0,12,2,13,5,7,11
16959,2015/07/11,19:03,日産スタジアム,20575,晴,25.9,80.0,横浜Ｆ・マリノス,yokohamafm,モンテディオ山形,yamagata,1,1,0,1,1,0,15,5,19,6,0,11
16962,2015/07/11,19:03,デンカビッグスワンスタジアム,24316,晴,25.4,61.0,アルビレックス新潟,niigata,鹿島アントラーズ,kashima,2,2,0,3,1,2,10,6,18,8,6,16
16958,2015/07/11,18:30,等々力陸上競技場,23793,晴,26.1,71.0,川崎フロンターレ,kawasakif,ＦＣ東京,ftokyo,2,0,2,0,0,0,16,4,22,6,6,15
16956,2015/07/11,18:04,ユアテックスタジアム仙台,13373,晴,27.0,49.0,ベガルタ仙台,sendai,サンフレッチェ広島,hiroshima,3,1,2,4,3,1,15,5,14,7,1,8
16960,2015/07/11,18:04,Ｓｈｏｎａｎ　ＢＭＷスタジアム平塚,10752,晴,24.6,83.0,湘南ベルマーレ,shonan,名古屋グランパス,nagoya,2,1,1,1,0,1,17,9,5,8,3,18
16955,2015/06/27,19:04,ベストアメニティスタジアム,12376,曇,22.1,75.0,サガン鳥栖,tosu,サンフレッチェ広島,hiroshima,2,1,1,2,0,2,13,4,9,13,5,12
16954,2015/06/27,19:04,ノエビアスタジアム神戸,22332,曇,23.6,55.0,ヴィッセル神戸,kobe,横浜Ｆ・マリノス,yokohamafm,1,1,0,1,1,0,14,6,11,17,2,14
16951,2015/06/27,19:04,味の素スタジアム,41363,曇,24.0,83.0,ＦＣ東京,ftokyo,清水エスパルス,shimizu,3,1,2,2,0,2,12,4,19,9,7,14
16948,2015/06/27,19:04,ＮＤソフトスタジアム山形,14320,雨,21.1,90.0,モンテディオ山形,yamagata,ガンバ大阪,gosaka,1,0,1,3,0,3,18,8,12,16,4,13
16947,2015/06/27,19:04,ユアテックスタジアム仙台,12644,雨,20.5,95.0,ベガルタ仙台,sendai,名古屋グランパス,nagoya,2,1,1,0,0,0,24,9,15,10,2,15
16950,2015/06/27,19:04,埼玉スタジアム２００２,43606,曇,23.6,88.0,浦和レッズ,urawa,アルビレックス新潟,niigata,5,2,3,2,0,2,15,3,17,13,7,14
16953,2015/06/27,19:04,松本平広域公園総合球技場,15456,曇,22.9,54.0,松本山雅ＦＣ,matsumoto,湘南ベルマーレ,shonan,2,0,2,3,0,3,10,3,12,17,4,14
16952,2015/06/27,19:04,山梨中銀スタジアム,11019,曇,25.2,70.0,ヴァンフォーレ甲府,kofu,柏レイソル,kashiwa,1,0,1,1,0,1,8,9,15,4,4,7
16949,2015/06/27,19:03,県立カシマサッカースタジアム,13867,曇,22.3,97.0,鹿島アントラーズ,kashima,川崎フロンターレ,kawasakif,2,1,1,3,2,1,17,4,13,10,2,13
16918,2015/06/23,19:03,日立柏サッカー場,9997,曇のち雨,22.3,75.0,柏レイソル,kashiwa,ガンバ大阪,gosaka,1,1,0,0,0,0,8,3,14,11,5,12
16944,2015/06/20,16:05,ノエビアスタジアム神戸,18143,晴,25.4,53.0,ヴィッセル神戸,kobe,浦和レッズ,urawa,1,0,1,1,1,0,9,5,13,13,1,26
16942,2015/06/20,16:05,豊田スタジアム,15848,曇,24.3,66.0,名古屋グランパス,nagoya,柏レイソル,kashiwa,1,0,1,0,0,0,5,1,17,15,8,18
16941,2015/06/20,16:05,ＩＡＩスタジアム日本平,13288,曇,20.5,83.0,清水エスパルス,shimizu,ヴァンフォーレ甲府,kofu,0,0,0,2,1,1,12,13,14,10,0,12
16940,2015/06/20,16:04,Ｓｈｏｎａｎ　ＢＭＷスタジアム平塚,11175,晴,22.1,72.0,湘南ベルマーレ,shonan,アルビレックス新潟,niigata,1,1,0,3,0,3,11,3,21,11,3,13
16945,2015/06/20,16:04,エディオンスタジアム広島,12286,晴のち曇,23.8,77.0,サンフレッチェ広島,hiroshima,モンテディオ山形,yamagata,5,4,1,1,0,1,22,7,9,13,5,13
16946,2015/06/20,16:04,ベストアメニティスタジアム,16871,晴,26.1,56.0,サガン鳥栖,tosu,ＦＣ東京,ftokyo,1,1,0,2,0,2,7,4,10,8,0,24
16943,2015/06/20,16:03,万博記念競技場,14616,曇,26.6,56.0,ガンバ大阪,gosaka,ベガルタ仙台,sendai,1,1,0,1,0,1,16,6,12,17,3,15
16938,2015/06/20,16:03,等々力陸上競技場,21490,晴,24.3,52.0,川崎フロンターレ,kawasakif,松本山雅ＦＣ,matsumoto,2,1,1,0,0,0,17,13,20,7,1,6
16939,2015/06/20,16:03,日産スタジアム,28928,晴,24.8,58.0,横浜Ｆ・マリノス,yokohamafm,鹿島アントラーズ,kashima,0,0,0,3,2,1,10,3,16,17,2,17
16930,2015/06/07,16:04,ＮＤソフトスタジアム山形,13241,晴,24.3,42.0,モンテディオ山形,yamagata,鹿島アントラーズ,kashima,2,1,1,2,1,1,10,2,15,20,7,24
16934,2015/06/07,16:04,山梨中銀スタジアム,13007,曇,23.4,38.0,ヴァンフォーレ甲府,kofu,横浜Ｆ・マリノス,yokohamafm,1,0,1,1,1,0,6,6,18,7,5,9
16931,2015/06/07,16:04,埼玉スタジアム２００２,44424,晴,24.1,46.0,浦和レッズ,urawa,清水エスパルス,shimizu,1,0,1,0,0,0,8,2,20,8,6,13
16935,2015/06/07,16:04,松本平広域公園総合球技場,17617,晴のち曇,22.5,54.0,松本山雅ＦＣ,matsumoto,ＦＣ東京,ftokyo,1,0,1,2,2,0,13,6,13,10,2,26
16929,2015/06/07,16:04,ユアテックスタジアム仙台,12753,晴,20.3,51.0,ベガルタ仙台,sendai,サガン鳥栖,tosu,5,0,5,0,0,0,15,4,12,8,2,14
16933,2015/06/07,16:03,等々力陸上競技場,20857,晴,23.7,49.0,川崎フロンターレ,kawasakif,湘南ベルマーレ,shonan,2,0,2,1,1,0,11,4,13,12,3,15
16932,2015/06/07,16:03,日立柏サッカー場,11352,曇,23.2,57.0,柏レイソル,kashiwa,サンフレッチェ広島,hiroshima,2,1,1,3,1,2,7,9,21,7,4,15
16937,2015/06/07,16:03,万博記念競技場,18437,曇,24.3,46.0,ガンバ大阪,gosaka,ヴィッセル神戸,kobe,0,0,0,0,0,0,10,6,17,9,4,13
16936,2015/06/07,16:03,デンカビッグスワンスタジアム,19030,晴,22.3,48.0,アルビレックス新潟,niigata,名古屋グランパス,nagoya,1,1,0,1,1,0,6,8,11,11,3,19
16892,2015/06/03,19:03,万博記念競技場,13110,晴時々曇,21.8,56.0,ガンバ大阪,gosaka,鹿島アントラーズ,kashima,2,1,1,0,0,0,12,10,27,9,4,20
16891,2015/06/03,19:03,日立柏サッカー場,12620,曇,21.8,90.0,柏レイソル,kashiwa,浦和レッズ,urawa,3,2,1,3,1,2,19,5,13,11,8,12
16926,2015/05/30,19:04,Ｓｈｏｎａｎ　ＢＭＷスタジアム平塚,11276,晴,24.1,60.0,湘南ベルマーレ,shonan,サンフレッチェ広島,hiroshima,0,0,0,0,0,0,13,2,13,11,7,14
16924,2015/05/30,19:04,味の素スタジアム,23439,曇,24.6,57.0,ＦＣ東京,ftokyo,柏レイソル,kashiwa,2,1,1,1,0,1,7,5,17,6,3,17
16925,2015/05/30,19:04,日産スタジアム,35044,晴,24.3,65.0,横浜Ｆ・マリノス,yokohamafm,ガンバ大阪,gosaka,1,1,0,1,0,1,11,3,12,7,3,13
16927,2015/05/30,19:04,ＩＡＩスタジアム日本平,13055,晴,20.9,90.0,清水エスパルス,shimizu,川崎フロンターレ,kawasakif,5,2,3,2,1,1,15,2,14,10,3,12
16928,2015/05/30,19:04,ベストアメニティスタジアム,19249,雨,20.9,76.0,サガン鳥栖,tosu,浦和レッズ,urawa,1,1,0,6,0,6,3,2,15,14,3,18
16923,2015/05/30,19:03,県立カシマサッカースタジアム,17155,晴,20.6,84.0,鹿島アントラーズ,kashima,松本山雅ＦＣ,matsumoto,3,2,1,1,1,0,18,7,14,8,2,18
16922,2015/05/30,16:04,ノエビアスタジアム神戸,14906,曇,24.4,59.0,ヴィッセル神戸,kobe,ベガルタ仙台,sendai,0,0,0,1,1,0,19,10,15,9,3,21
16921,2015/05/30,14:04,豊田スタジアム,13662,晴,30.3,33.0,名古屋グランパス,nagoya,モンテディオ山形,yamagata,0,0,0,0,0,0,3,2,13,13,3,13
16920,2015/05/30,13:03,デンカビッグスワンスタジアム,23197,晴,27.9,46.0,アルビレックス新潟,niigata,ヴァンフォーレ甲府,kofu,0,0,0,2,1,1,6,4,18,6,1,21
16919,2015/05/23,19:04,埼玉スタジアム２００２,41269,晴,23.0,50.0,浦和レッズ,urawa,鹿島アントラーズ,kashima,2,0,2,1,0,1,13,6,19,14,1,14
16915,2015/05/23,19:04,等々力陸上競技場,14881,曇,21.8,53.0,川崎フロンターレ,kawasakif,サガン鳥栖,tosu,3,1,2,2,1,1,11,6,20,12,3,16
16917,2015/05/23,19:04,エディオンスタジアム広島,10460,曇,18.4,83.0,サンフレッチェ広島,hiroshima,アルビレックス新潟,niigata,4,2,2,2,1,1,13,7,9,8,9,4
16916,2015/05/23,19:04,松本平広域公園総合球技場,18906,曇,20.4,43.0,松本山雅ＦＣ,matsumoto,横浜Ｆ・マリノス,yokohamafm,0,0,0,3,2,1,6,4,16,13,3,18
16914,2015/05/23,19:03,味の素スタジアム,23460,曇,21.6,56.0,ＦＣ東京,ftokyo,名古屋グランパス,nagoya,0,0,0,1,0,1,11,9,16,5,3,18
16911,2015/05/23,18:34,ユアテックスタジアム仙台,13165,晴,20.9,63.0,ベガルタ仙台,sendai,ヴァンフォーレ甲府,kofu,0,0,0,1,0,1,3,2,12,5,3,21
16913,2015/05/23,17:04,Ｓｈｏｎａｎ　ＢＭＷスタジアム平塚,13248,晴,21.1,73.0,湘南ベルマーレ,shonan,清水エスパルス,shimizu,4,0,4,0,0,0,13,7,10,14,5,22
16912,2015/05/23,14:05,ＮＤソフトスタジアム山形,7894,晴,28.6,18.0,モンテディオ山形,yamagata,ヴィッセル神戸,kobe,0,0,0,1,0,1,14,6,17,7,4,11
16910,2015/05/16,19:04,豊田スタジアム,14825,曇のち晴,21.0,61.0,名古屋グランパス,nagoya,サガン鳥栖,tosu,0,0,0,1,0,1,15,7,17,13,6,15
16908,2015/05/16,18:33,万博記念競技場,18842,曇,20.1,67.0,ガンバ大阪,gosaka,川崎フロンターレ,kawasakif,1,1,0,1,0,1,19,9,12,14,5,10
16909,2015/05/16,15:34,埼玉スタジアム２００２,42995,曇,23.6,69.0,浦和レッズ,urawa,ＦＣ東京,ftokyo,4,2,2,1,0,1,13,4,13,5,8,20
16907,2015/05/16,15:04,ＩＡＩスタジアム日本平,12978,曇,20.3,89.0,清水エスパルス,shimizu,横浜Ｆ・マリノス,yokohamafm,1,0,1,2,1,1,10,3,16,8,3,16
16906,2015/05/16,15:04,県立カシマサッカースタジアム,13523,曇,19.5,77.0,鹿島アントラーズ,kashima,サンフレッチェ広島,hiroshima,2,0,2,2,0,2,15,3,11,11,3,16
16903,2015/05/16,14:04,山梨中銀スタジアム,9159,曇,26.2,45.0,ヴァンフォーレ甲府,kofu,モンテディオ山形,yamagata,2,2,0,0,0,0,11,6,14,8,3,13
16904,2015/05/16,14:03,松本平広域公園総合球技場,11743,曇,20.9,72.0,松本山雅ＦＣ,matsumoto,ヴィッセル神戸,kobe,2,0,2,0,0,0,12,5,17,12,4,7
16905,2015/05/16,14:03,デンカビッグスワンスタジアム,16764,曇,17.3,75.0,アルビレックス新潟,niigata,ベガルタ仙台,sendai,0,0,0,3,1,2,10,3,13,15,4,19
16902,2015/05/14,19:03,日立柏サッカー場,6701,曇,20.6,65.0,柏レイソル,kashiwa,湘南ベルマーレ,shonan,0,0,0,0,0,0,8,4,16,11,3,13
16901,2015/05/10,19:04,エディオンスタジアム広島,17372,晴,17.6,53.0,サンフレッチェ広島,hiroshima,ガンバ大阪,gosaka,0,0,0,1,0,1,18,7,12,7,2,8
16900,2015/05/10,16:04,ノエビアスタジアム神戸,14397,晴,21.8,31.0,ヴィッセル神戸,kobe,清水エスパルス,shimizu,1,1,0,2,1,1,10,2,11,14,2,21
16899,2015/05/10,16:04,味の素スタジアム,42070,晴のち曇,22.8,23.0,ＦＣ東京,ftokyo,鹿島アントラーズ,kashima,0,0,0,1,1,0,5,9,10,13,3,15
16898,2015/05/10,15:04,ベストアメニティスタジアム,10648,晴,25.3,35.0,サガン鳥栖,tosu,松本山雅ＦＣ,matsumoto,1,0,1,1,0,1,19,13,18,11,3,15
16897,2015/05/10,15:04,ユアテックスタジアム仙台,19195,晴,16.2,41.0,ベガルタ仙台,sendai,浦和レッズ,urawa,4,1,3,4,1,3,14,2,15,19,8,15
16894,2015/05/10,14:04,ＮＤソフトスタジアム山形,8285,曇,13.3,43.0,モンテディオ山形,yamagata,柏レイソル,kashiwa,3,2,1,0,0,0,12,6,14,11,4,12
16896,2015/05/10,14:04,山梨中銀スタジアム,10350,晴,28.5,16.0,ヴァンフォーレ甲府,kofu,湘南ベルマーレ,shonan,0,0,0,1,0,1,14,11,21,7,4,12
16895,2015/05/10,14:03,日産スタジアム,19784,晴,25.7,42.0,横浜Ｆ・マリノス,yokohamafm,アルビレックス新潟,niigata,1,0,1,0,0,0,9,5,11,10,8,20
16893,2015/05/10,13:04,豊田スタジアム,16952,晴,23.0,27.0,名古屋グランパス,nagoya,川崎フロンターレ,kawasakif,0,0,0,1,1,0,9,3,12,16,3,16
16890,2015/05/06,19:04,ユアテックスタジアム仙台,14368,晴,17.1,66.0,ベガルタ仙台,sendai,ＦＣ東京,ftokyo,2,0,2,3,1,2,13,4,16,12,6,27
16889,2015/05/06,17:04,Ｓｈｏｎａｎ　ＢＭＷスタジアム平塚,9157,曇,19.4,66.0,湘南ベルマーレ,shonan,ヴィッセル神戸,kobe,1,1,0,1,1,0,14,3,20,9,5,14
16887,2015/05/06,15:05,等々力陸上競技場,21141,晴のち曇,22.6,32.0,川崎フロンターレ,kawasakif,サンフレッチェ広島,hiroshima,0,0,0,1,1,0,14,6,13,6,4,11
16888,2015/05/06,15:03,日産スタジアム,22514,晴,21.4,34.0,横浜Ｆ・マリノス,yokohamafm,名古屋グランパス,nagoya,2,1,1,0,0,0,11,3,12,9,5,13
16886,2015/05/06,14:03,ＩＡＩスタジアム日本平,14029,晴のち曇,18.9,63.0,清水エスパルス,shimizu,サガン鳥栖,tosu,2,1,1,2,1,1,9,4,20,10,9,18
16885,2015/05/06,14:03,デンカビッグスワンスタジアム,25009,晴時々曇,23.8,28.0,アルビレックス新潟,niigata,モンテディオ山形,yamagata,1,0,1,1,0,1,8,5,10,6,4,9
16884,2015/05/06,14:03,松本平広域公園総合球技場,16916,晴,24.0,25.0,松本山雅ＦＣ,matsumoto,ヴァンフォーレ甲府,kofu,2,0,2,0,0,0,10,3,9,7,5,17
16883,2015/05/02,19:04,ベストアメニティスタジアム,20792,晴,23.6,50.0,サガン鳥栖,tosu,ヴィッセル神戸,kobe,1,1,0,1,0,1,9,5,21,9,5,8
16882,2015/05/02,18:33,松本平広域公園総合球技場,18398,晴,23.0,38.0,松本山雅ＦＣ,matsumoto,アルビレックス新潟,niigata,1,1,0,2,1,1,14,3,13,11,7,16
16879,2015/05/02,16:04,日立柏サッカー場,13960,晴,24.8,52.0,柏レイソル,kashiwa,清水エスパルス,shimizu,0,0,0,0,0,0,9,5,15,5,2,10
16881,2015/05/02,16:04,エディオンスタジアム広島,15566,晴,25.3,53.0,サンフレッチェ広島,hiroshima,ベガルタ仙台,sendai,2,1,1,0,0,0,14,5,9,7,5,11
16880,2015/05/02,16:04,味の素スタジアム,42604,晴,25.6,38.0,ＦＣ東京,ftokyo,川崎フロンターレ,kawasakif,2,0,2,1,1,0,11,5,16,13,2,20
16878,2015/05/02,15:03,県立カシマサッカースタジアム,15340,晴,17.8,83.0,鹿島アントラーズ,kashima,ヴァンフォーレ甲府,kofu,0,0,0,1,0,1,14,5,18,12,5,18
16876,2015/05/02,14:04,ＮＤソフトスタジアム山形,12188,晴,29.8,28.0,モンテディオ山形,yamagata,横浜Ｆ・マリノス,yokohamafm,1,0,1,0,0,0,6,3,14,14,4,20
16877,2015/05/02,14:03,埼玉スタジアム２００２,53148,晴,26.0,31.0,浦和レッズ,urawa,ガンバ大阪,gosaka,1,0,1,0,0,0,11,9,18,6,1,13
16875,2015/05/02,13:04,パロマ瑞穂スタジアム,11375,晴,28.0,32.0,名古屋グランパス,nagoya,湘南ベルマーレ,shonan,3,2,1,0,0,0,14,4,11,5,8,7
16874,2015/04/29,19:04,山梨中銀スタジアム,13708,晴,18.7,46.0,ヴァンフォーレ甲府,kofu,浦和レッズ,urawa,0,0,0,2,0,2,5,6,14,14,9,11
16873,2015/04/29,19:04,日産スタジアム,19284,晴,18.2,68.0,横浜Ｆ・マリノス,yokohamafm,サンフレッチェ広島,hiroshima,1,1,0,2,1,1,5,5,10,18,8,9
16872,2015/04/29,16:04,ノエビアスタジアム神戸,17052,曇,21.1,49.0,ヴィッセル神戸,kobe,名古屋グランパス,nagoya,0,0,0,1,0,1,11,8,12,18,7,25
16870,2015/04/29,16:04,Ｓｈｏｎａｎ　ＢＭＷスタジアム平塚,9603,晴,20.8,62.0,湘南ベルマーレ,shonan,サガン鳥栖,tosu,4,1,3,2,1,1,12,2,16,10,2,18
16871,2015/04/29,16:03,万博記念競技場,17173,晴,22.9,38.0,ガンバ大阪,gosaka,松本山雅ＦＣ,matsumoto,1,1,0,0,0,0,16,3,9,11,2,12
16869,2015/04/29,14:04,ＩＡＩスタジアム日本平,11348,曇,20.4,61.0,清水エスパルス,shimizu,モンテディオ山形,yamagata,3,3,0,3,0,3,5,3,18,12,9,11
16867,2015/04/29,14:04,等々力陸上競技場,20961,晴,23.0,36.0,川崎フロンターレ,kawasakif,柏レイソル,kashiwa,1,1,0,4,1,3,9,8,12,12,2,12
16868,2015/04/29,14:04,デンカビッグスワンスタジアム,22318,晴,20.8,50.0,アルビレックス新潟,niigata,ＦＣ東京,ftokyo,0,0,0,1,0,1,14,3,14,4,2,14
16866,2015/04/29,14:03,ユアテックスタジアム仙台,17011,晴,20.1,52.0,ベガルタ仙台,sendai,鹿島アントラーズ,kashima,1,0,1,2,1,1,14,6,19,14,4,22
16865,2015/04/26,14:03,万博記念競技場,17417,晴,24.3,18.0,ガンバ大阪,gosaka,アルビレックス新潟,niigata,2,0,2,1,0,1,7,4,21,11,3,12
16864,2015/04/25,19:04,等々力陸上競技場,16953,曇,16.7,29.0,川崎フロンターレ,kawasakif,ヴァンフォーレ甲府,kofu,3,1,2,0,0,0,17,2,10,8,5,9
16863,2015/04/25,18:34,ＮＤソフトスタジアム山形,11524,晴,11.5,33.0,モンテディオ山形,yamagata,ＦＣ東京,ftokyo,0,0,0,1,1,0,9,3,16,8,5,19
16862,2015/04/25,17:04,埼玉スタジアム２００２,29803,晴,16.0,30.0,浦和レッズ,urawa,名古屋グランパス,nagoya,2,1,1,1,0,1,14,8,19,4,3,17
16861,2015/04/25,15:04,ベストアメニティスタジアム,9242,晴,22.4,12.0,サガン鳥栖,tosu,柏レイソル,kashiwa,1,0,1,1,0,1,14,11,15,4,6,15
16860,2015/04/25,15:03,日産スタジアム,20388,曇一時晴,19.4,34.0,横浜Ｆ・マリノス,yokohamafm,湘南ベルマーレ,shonan,3,1,2,0,0,0,14,5,13,11,5,16
16857,2015/04/25,14:04,県立カシマサッカースタジアム,12275,曇時々晴,17.9,46.0,鹿島アントラーズ,kashima,ヴィッセル神戸,kobe,1,0,1,2,0,2,14,5,20,10,5,22
16859,2015/04/25,14:04,エディオンスタジアム広島,11653,晴,22.5,41.0,サンフレッチェ広島,hiroshima,清水エスパルス,shimizu,2,1,1,0,0,0,19,5,13,8,4,7
16858,2015/04/25,14:03,松本平広域公園総合球技場,13772,晴,18.8,34.0,松本山雅ＦＣ,matsumoto,ベガルタ仙台,sendai,1,0,1,0,0,0,9,2,16,9,6,19
16841,2015/04/12,14:04,豊田スタジアム,15080,曇,18.2,60.0,名古屋グランパス,nagoya,サンフレッチェ広島,hiroshima,2,1,1,0,0,0,16,6,9,13,9,12
16840,2015/04/12,14:04,日産スタジアム,20207,晴,17.3,30.0,横浜Ｆ・マリノス,yokohamafm,ベガルタ仙台,sendai,1,0,1,1,0,1,13,7,20,8,5,19
16839,2015/04/12,13:03,松本平広域公園総合球技場,18514,晴,14.7,33.0,松本山雅ＦＣ,matsumoto,柏レイソル,kashiwa,1,0,1,3,1,2,15,9,11,11,4,18
16838,2015/04/04,19:04,日立柏サッカー場,12378,曇,10.6,73.0,柏レイソル,kashiwa,横浜Ｆ・マリノス,yokohamafm,1,1,0,2,0,2,13,5,21,10,4,19
16837,2015/04/04,18:34,エディオンスタジアム広島,11577,雨一時雷雨,16.3,94.0,サンフレッチェ広島,hiroshima,ヴィッセル神戸,kobe,0,0,0,1,0,1,14,3,13,11,3,9
16836,2015/04/04,16:03,味の素スタジアム,20743,曇,13.9,53.0,ＦＣ東京,ftokyo,ヴァンフォーレ甲府,kofu,1,1,0,0,0,0,11,7,20,4,4,21
16834,2015/04/04,15:05,埼玉スタジアム２００２,37154,曇,13.6,52.0,浦和レッズ,urawa,松本山雅ＦＣ,matsumoto,1,0,1,0,0,0,23,5,19,5,2,7
16835,2015/04/04,15:03,等々力陸上競技場,17643,曇,15.7,54.0,川崎フロンターレ,kawasakif,アルビレックス新潟,niigata,4,1,3,1,0,1,5,3,18,7,7,13
16833,2015/04/04,14:04,ＮＤソフトスタジアム山形,7321,晴,16.3,28.0,モンテディオ山形,yamagata,湘南ベルマーレ,shonan,1,1,0,2,2,0,13,5,12,13,2,15
16832,2015/04/04,13:34,ユアテックスタジアム仙台,14706,晴,11.3,55.0,ベガルタ仙台,sendai,清水エスパルス,shimizu,2,0,2,1,1,0,11,6,23,14,8,19
16831,2015/04/03,19:04,万博記念競技場,10702,雨のち曇,19.3,93.0,ガンバ大阪,gosaka,名古屋グランパス,nagoya,3,1,2,1,0,1,16,7,13,10,5,17
16830,2015/04/03,19:04,県立カシマサッカースタジアム,8539,曇,19.4,88.0,鹿島アントラーズ,kashima,サガン鳥栖,tosu,3,0,3,1,1,0,19,7,27,4,4,21
16829,2015/03/22,19:04,ＮＤソフトスタジアム山形,12081,曇のち雨,10.8,49.0,モンテディオ山形,yamagata,川崎フロンターレ,kawasakif,1,0,1,0,0,0,14,6,5,11,5,10
16827,2015/03/22,17:04,名古屋市瑞穂陸上競技場,16053,曇時々雨,16.3,53.0,名古屋グランパス,nagoya,鹿島アントラーズ,kashima,1,0,1,1,1,0,8,2,30,14,5,14
16828,2015/03/22,17:04,ノエビアスタジアム神戸,21218,晴,17.1,36.0,ヴィッセル神戸,kobe,ＦＣ東京,ftokyo,0,0,0,2,1,1,15,9,14,8,5,11
16826,2015/03/22,16:04,Ｓｈｏｎａｎ　ＢＭＷスタジアム平塚,11315,曇,16.6,46.0,湘南ベルマーレ,shonan,ベガルタ仙台,sendai,0,0,0,0,0,0,10,9,13,9,5,16
16825,2015/03/22,15:03,ニッパツ三ツ沢球技場,13529,晴,16.3,55.0,横浜Ｆ・マリノス,yokohamafm,サガン鳥栖,tosu,1,0,1,0,0,0,11,4,25,8,5,18
16823,2015/03/22,14:04,ＩＡＩスタジアム日本平,19103,晴,17.5,57.0,清水エスパルス,shimizu,松本山雅ＦＣ,matsumoto,0,0,0,1,1,0,12,6,25,5,2,11
16824,2015/03/22,14:04,エディオンスタジアム広島,26302,晴,18.1,33.0,サンフレッチェ広島,hiroshima,浦和レッズ,urawa,0,0,0,0,0,0,13,3,12,9,6,11
16821,2015/03/22,14:04,山梨中銀スタジアム,13047,曇,17.8,32.0,ヴァンフォーレ甲府,kofu,ガンバ大阪,gosaka,0,0,0,2,0,2,5,4,23,8,4,11
16822,2015/03/22,14:03,デンカビッグスワンスタジアム,18193,晴,16.3,37.0,アルビレックス新潟,niigata,柏レイソル,kashiwa,3,0,3,2,0,2,15,13,23,11,10,21
16820,2015/03/14,19:04,松本平広域公園総合球技場,17091,晴,0.8,67.0,松本山雅ＦＣ,matsumoto,サンフレッチェ広島,hiroshima,1,1,0,2,2,0,9,7,6,21,4,14
16819,2015/03/14,18:34,ベストアメニティスタジアム,17695,晴,10.9,26.0,サガン鳥栖,tosu,ガンバ大阪,gosaka,1,0,1,0,0,0,8,5,13,16,4,18
16818,2015/03/14,15:05,等々力陸上競技場,21689,曇のち晴,12.9,27.0,川崎フロンターレ,kawasakif,ヴィッセル神戸,kobe,2,0,2,2,1,1,21,7,20,9,2,5
16817,2015/03/14,15:04,埼玉スタジアム２００２,40802,晴,13.8,24.0,浦和レッズ,urawa,モンテディオ山形,yamagata,1,0,1,0,0,0,14,7,21,4,0,14
16815,2015/03/14,14:06,味の素スタジアム,30492,曇,11.4,29.0,ＦＣ東京,ftokyo,横浜Ｆ・マリノス,yokohamafm,0,0,0,0,0,0,3,11,13,10,5,12
16816,2015/03/14,14:04,山梨中銀スタジアム,11851,曇,10.0,26.0,ヴァンフォーレ甲府,kofu,名古屋グランパス,nagoya,1,0,1,0,0,0,5,5,16,7,5,14
16814,2015/03/14,14:03,県立カシマサッカースタジアム,17295,曇のち晴,10.2,57.0,鹿島アントラーズ,kashima,湘南ベルマーレ,shonan,1,1,0,2,0,2,18,4,19,7,6,23
16813,2015/03/14,13:02,デンカビッグスワンスタジアム,19537,曇,5.9,61.0,アルビレックス新潟,niigata,清水エスパルス,shimizu,0,0,0,0,0,0,9,12,14,8,1,15
16812,2015/03/13,19:03,日立柏サッカー場,9082,晴,9.8,43.0,柏レイソル,kashiwa,ベガルタ仙台,sendai,1,0,1,1,1,0,9,4,27,6,5,14
16811,2015/03/08,13:04,ＩＡＩスタジアム日本平,19736,晴,19.2,45.0,清水エスパルス,shimizu,鹿島アントラーズ,kashima,3,1,2,1,0,1,5,4,21,13,3,19
16810,2015/03/07,19:04,Ｓｈｏｎａｎ　ＢＭＷスタジアム平塚,14446,雨,7.9,66.0,湘南ベルマーレ,shonan,浦和レッズ,urawa,1,1,0,3,1,2,7,2,24,13,1,24
16809,2015/03/07,16:04,ノエビアスタジアム神戸,24027,屋内,14.6,55.0,ヴィッセル神戸,kobe,柏レイソル,kashiwa,0,0,0,1,0,1,8,6,17,9,4,23
16808,2015/03/07,15:03,日産スタジアム,38123,曇,8.8,61.0,横浜Ｆ・マリノス,yokohamafm,川崎フロンターレ,kawasakif,1,1,0,3,2,1,12,2,14,16,9,13
16803,2015/03/07,14:05,ユアテックスタジアム仙台,19375,曇,8.4,57.0,ベガルタ仙台,sendai,モンテディオ山形,yamagata,2,0,2,0,0,0,8,4,20,11,8,17
16807,2015/03/07,14:05,ベストアメニティスタジアム,11580,曇,14.5,34.0,サガン鳥栖,tosu,アルビレックス新潟,niigata,2,1,1,1,1,0,6,3,14,4,3,11
16806,2015/03/07,14:04,エディオンスタジアム広島,14671,曇,8.9,85.0,サンフレッチェ広島,hiroshima,ヴァンフォーレ甲府,kofu,2,1,1,0,0,0,14,9,17,4,0,16
16805,2015/03/07,14:04,万博記念競技場,18332,雨,9.3,81.0,ガンバ大阪,gosaka,ＦＣ東京,ftokyo,2,1,1,2,0,2,11,4,20,8,3,20
